shift,n,tau_mean,tau_std
NoShift,13567,0.9790515309932786,0.002958929848492541
GenderCovariateShift,9427,0.9609036594473489,0.003630181246641322
AgeSubpopShift,2886,0.9077669902912622,0.006579914184729686
EducationHighOnly,3137,0.8453696788648246,0.006298294009053285
